geo_code,geo_lat,geo_lon
0,-0.703125,-51.328125
1,-0.703125,108.984375
2,-0.703125,-78.046875
3,-0.703125,37.265625
4,-0.703125,34.453125
5,-0.703125,30.234375
6,-0.703125,35.859375
7,-0.703125,-79.453125
8,-0.703125,120.234375
9,-0.703125,110.390625
10,-0.703125,101.953125
11,-0.703125,100.546875
12,-0.703125,-76.640625
13,-0.703125,111.796875
14,-0.703125,38.671875
15,-0.703125,-80.859375
16,-0.703125,103.359375
17,-0.703125,117.421875
18,-0.703125,40.078125
19,-0.703125,-90.703125
20,-0.703125,116.015625
21,-0.703125,123.046875
22,-0.703125,31.640625
23,-0.703125,-47.109375
24,-0.703125,-48.515625
25,-0.703125,-89.296875
26,-0.703125,114.609375
27,-0.703125,118.828125
28,-0.703125,-45.703125
29,-2.109375,-48.515625
30,-2.109375,37.265625
31,-2.109375,-79.453125
32,-2.109375,101.953125
33,-2.109375,34.453125
34,-2.109375,35.859375
35,-2.109375,-78.046875
36,-2.109375,121.640625
37,-2.109375,-80.859375
38,-2.109375,103.359375
39,-2.109375,38.671875
40,-2.109375,106.171875
41,-2.109375,-47.109375
42,-2.109375,123.046875
43,-2.109375,114.609375
44,-2.109375,100.546875
45,-2.109375,-45.703125
46,-2.109375,-44.296875
47,-2.109375,116.015625
48,-2.109375,113.203125
49,-2.109375,-59.765625
50,-10.546875,-68.203125
51,-10.546875,-78.046875
52,-10.546875,-35.859375
53,-10.546875,-37.265625
54,-10.546875,-66.796875
55,-10.546875,124.453125
56,-10.546875,-38.671875
57,-10.546875,-48.515625
58,-10.546875,-40.078125
59,-10.546875,-62.578125
60,-10.546875,-75.234375
61,-10.546875,123.046875
62,-10.546875,-41.484375
63,-10.546875,-76.640625
64,-10.546875,-55.546875
65,-10.546875,-63.984375
66,-10.546875,-47.109375
67,-10.546875,-65.390625
68,-10.546875,106.171875
69,-10.546875,-45.703125
70,-10.546875,-44.296875
71,-10.546875,-42.890625
72,-10.546875,-69.609375
73,-11.953125,-55.546875
74,-11.953125,-37.265625
75,-11.953125,-38.671875
76,-11.953125,-48.515625
77,-11.953125,-41.484375
78,-11.953125,-40.078125
79,-11.953125,-58.359375
80,-11.953125,-62.578125
81,-11.953125,-73.828125
82,-11.953125,-49.921875
83,-11.953125,-61.171875
84,-11.953125,-75.234375
85,-11.953125,-42.890625
86,-11.953125,-76.640625
87,-11.953125,-78.046875
88,-11.953125,-45.703125
89,-11.953125,-47.109375
90,-11.953125,96.328125
91,-11.953125,-44.296875
92,-11.953125,131.484375
93,-11.953125,130.078125
94,-11.953125,-69.609375
95,-11.953125,132.890625
96,-13.359375,-40.078125
97,-13.359375,-38.671875
98,-13.359375,-41.484375
99,-13.359375,131.484375
100,-13.359375,-47.109375
101,-13.359375,-42.890625
102,-13.359375,-75.234375
103,-13.359375,-44.296875
104,-13.359375,-76.640625
105,-13.359375,-59.765625
106,-13.359375,-56.953125
107,-13.359375,-73.828125
108,-13.359375,-45.703125
109,-13.359375,-51.328125
110,-13.359375,-55.546875
111,-13.359375,-48.515625
112,-13.359375,-49.921875
113,-13.359375,-72.421875
114,-13.359375,-61.171875
115,-13.359375,130.078125
116,-13.359375,-58.359375
117,-13.359375,-71.015625
118,-13.359375,48.515625
119,-13.359375,-52.734375
120,-14.765625,-75.234375
121,-14.765625,131.484375
122,-14.765625,-42.890625
123,-14.765625,-71.015625
124,-14.765625,-44.296875
125,-14.765625,-40.078125
126,-14.765625,-52.734375
127,-14.765625,-169.453125
128,-14.765625,-48.515625
129,-14.765625,-41.484375
130,-14.765625,-38.671875
131,-14.765625,-170.859375
132,-14.765625,-49.921875
133,-14.765625,-47.109375
134,-14.765625,-69.609375
135,-14.765625,132.890625
136,-14.765625,-73.828125
137,-14.765625,-55.546875
138,-14.765625,-56.953125
139,-14.765625,128.671875
140,-16.171875,-44.296875
141,-16.171875,-69.609375
142,-16.171875,-40.078125
143,-16.171875,-58.359375
144,-16.171875,-49.921875
145,-16.171875,-55.546875
146,-16.171875,-41.484375
147,-16.171875,-47.109375
148,-16.171875,-54.140625
149,-16.171875,-38.671875
150,-16.171875,-48.515625
151,-16.171875,-72.421875
152,-16.171875,128.671875
153,-16.171875,-71.015625
154,-16.171875,-42.890625
155,-16.171875,130.078125
156,-16.171875,-51.328125
157,-16.171875,-52.734375
158,-16.171875,-45.703125
159,-16.171875,-56.953125
160,-16.171875,-68.203125
161,-16.171875,145.546875
162,-17.578125,-40.078125
163,-17.578125,145.546875
164,-17.578125,-47.109375
165,-17.578125,-44.296875
166,-17.578125,-68.203125
167,-17.578125,-62.578125
168,-17.578125,-42.890625
169,-17.578125,-65.390625
170,-17.578125,-71.015625
171,-17.578125,-49.921875
172,-17.578125,-72.421875
173,-17.578125,-48.515625
174,-17.578125,-51.328125
175,-17.578125,-41.484375
176,-17.578125,-63.984375
177,-17.578125,-66.796875
178,-17.578125,-52.734375
179,-17.578125,-45.703125
180,-17.578125,-69.609375
181,-17.578125,-61.171875
182,-17.578125,124.453125
183,-17.578125,-54.140625
184,-17.578125,123.046875
185,-17.578125,24.609375
186,-17.578125,121.640625
187,-18.984375,-42.890625
188,-18.984375,-63.984375
189,-18.984375,-44.296875
190,-18.984375,125.859375
191,-18.984375,-47.109375
192,-18.984375,-66.796875
193,-18.984375,-49.921875
194,-18.984375,-40.078125
195,-18.984375,-71.015625
196,-18.984375,-48.515625
197,-18.984375,21.796875
198,-18.984375,-69.609375
199,-18.984375,-62.578125
200,-18.984375,-51.328125
201,-18.984375,-68.203125
202,-18.984375,-54.140625
203,-18.984375,44.296875
204,-18.984375,-41.484375
205,-18.984375,-65.390625
206,-18.984375,-52.734375
207,-18.984375,146.953125
208,-18.984375,47.109375
209,-18.984375,121.640625
210,-18.984375,-56.953125
211,-18.984375,-45.703125
212,-18.984375,-55.546875
213,-18.984375,26.015625
214,-20.390625,-51.328125
215,-20.390625,-49.921875
216,-20.390625,-65.390625
217,-20.390625,-48.515625
218,-20.390625,-45.703125
219,-20.390625,-44.296875
220,-20.390625,-40.078125
221,-20.390625,-42.890625
222,-20.390625,-41.484375
223,-20.390625,-66.796875
224,-20.390625,120.234375
225,-20.390625,-47.109375
226,-20.390625,-55.546875
227,-20.390625,-56.953125
228,-20.390625,23.203125
229,-20.390625,21.796875
230,-2.109375,104.765625
231,-2.109375,-54.140625
232,-2.109375,120.234375
233,-2.109375,-42.890625
234,-2.109375,-55.546875
235,-2.109375,118.828125
236,-2.109375,107.578125
237,-2.109375,-40.078125
238,-2.109375,-49.921875
239,-2.109375,-61.171875
240,-3.515625,-41.484375
241,-3.515625,107.578125
242,-3.515625,-59.765625
243,-3.515625,114.609375
244,-3.515625,-58.359375
245,-3.515625,-61.171875
246,-3.515625,37.265625
247,-3.515625,106.171875
248,-3.515625,104.765625
249,-3.515625,-79.453125
250,-3.515625,-45.703125
251,-3.515625,120.234375
252,-3.515625,-40.078125
253,-3.515625,-44.296875
254,-3.515625,103.359375
255,-3.515625,-48.515625
256,-20.390625,148.359375
257,-20.390625,137.109375
258,-20.390625,-63.984375
259,-20.390625,-52.734375
260,-20.390625,-54.140625
261,-20.390625,26.015625
262,-20.390625,44.296875
263,-20.390625,27.421875
264,-20.390625,-69.609375
265,-20.390625,24.609375
266,-20.390625,139.921875
267,-20.390625,116.015625
268,-20.390625,55.546875
269,-20.390625,117.421875
270,-20.390625,149.765625
271,-21.796875,27.421875
272,-21.796875,-47.109375
273,-21.796875,-45.703125
274,-21.796875,-41.484375
275,-21.796875,-44.296875
276,-21.796875,-48.515625
277,-21.796875,-42.890625
278,-21.796875,26.015625
279,-21.796875,55.546875
280,-21.796875,-51.328125
281,-21.796875,-49.921875
282,-21.796875,148.359375
283,-21.796875,149.765625
284,-21.796875,24.609375
285,-21.796875,-54.140625
286,-21.796875,-52.734375
287,-21.796875,-55.546875
288,-21.796875,-65.390625
289,-21.796875,42.890625
290,-21.796875,-68.203125
291,-21.796875,47.109375
292,-21.796875,20.390625
293,-21.796875,-69.609375
294,-21.796875,28.828125
295,-21.796875,30.234375
296,-21.796875,31.640625
297,-21.796875,-63.984375
298,-23.203125,28.828125
299,-23.203125,30.234375
300,-23.203125,-42.890625
301,-23.203125,-49.921875
302,-23.203125,-63.984375
303,-23.203125,-55.546875
304,-23.203125,-48.515625
305,-23.203125,-41.484375
306,-23.203125,-44.296875
307,-23.203125,-45.703125
308,-23.203125,-47.109375
309,-23.203125,27.421875
310,-23.203125,-54.140625
311,-23.203125,-69.609375
312,-23.203125,-52.734375
313,-23.203125,-51.328125
314,-23.203125,117.421875
315,-23.203125,26.015625
316,-23.203125,21.796875
317,-23.203125,31.640625
318,-23.203125,-66.796875
319,-23.203125,149.765625
320,-23.203125,-65.390625
321,-23.203125,-71.015625
322,-23.203125,151.171875
323,-23.203125,44.296875
324,-23.203125,24.609375
325,-23.203125,148.359375
326,-23.203125,23.203125
327,-23.203125,134.296875
328,-24.609375,28.828125
329,-24.609375,31.640625
330,-24.609375,-49.921875
331,-24.609375,21.796875
332,-24.609375,30.234375
333,-24.609375,26.015625
334,-24.609375,-45.703125
335,-24.609375,-48.515625
336,-24.609375,-65.390625
337,-24.609375,-47.109375
338,-24.609375,-61.171875
339,-24.609375,-51.328125
340,-24.609375,-52.734375
341,-24.609375,-54.140625
342,-24.609375,24.609375
343,-24.609375,-66.796875
344,-24.609375,151.171875
345,-24.609375,-69.609375
346,-24.609375,23.203125
347,-24.609375,27.421875
348,-24.609375,-63.984375
349,-24.609375,-59.765625
350,-24.609375,149.765625
351,-24.609375,152.578125
352,-24.609375,113.203125
353,-24.609375,-58.359375
354,-24.609375,-130.078125
355,-26.015625,28.828125
356,-26.015625,26.015625
357,-26.015625,31.640625
358,-26.015625,152.578125
359,-26.015625,-49.921875
360,-26.015625,148.359375
361,-26.015625,-63.984375
362,-26.015625,-52.734375
363,-26.015625,-65.390625
364,-26.015625,-58.359375
365,-26.015625,-48.515625
366,-26.015625,27.421875
367,-26.015625,-51.328125
368,-26.015625,23.203125
369,-26.015625,-54.140625
370,-26.015625,-61.171875
371,-26.015625,30.234375
372,-26.015625,24.609375
373,-26.015625,-59.765625
374,-26.015625,-71.015625
375,-26.015625,-62.578125
376,-26.015625,21.796875
377,-26.015625,-69.609375
378,-26.015625,151.171875
379,-26.015625,118.828125
380,-26.015625,149.765625
381,-27.421875,27.421875
382,-27.421875,26.015625
383,-27.421875,-54.140625
384,-27.421875,31.640625
385,-27.421875,28.828125
386,-27.421875,-52.734375
387,-27.421875,-48.515625
388,-27.421875,152.578125
389,-27.421875,-61.171875
390,-27.421875,-65.390625
391,-27.421875,24.609375
392,-27.421875,20.390625
393,-27.421875,-59.765625
394,-27.421875,-51.328125
395,-27.421875,-63.984375
396,-27.421875,30.234375
397,-27.421875,-55.546875
398,-27.421875,-49.921875
399,-27.421875,151.171875
400,-27.421875,33.046875
401,-27.421875,-58.359375
402,-27.421875,-66.796875
403,-27.421875,-71.015625
404,-27.421875,23.203125
405,-27.421875,149.765625
406,-27.421875,-56.953125
407,-27.421875,-69.609375
408,-27.421875,153.984375
409,-28.828125,-52.734375
410,-28.828125,-71.015625
411,-28.828125,27.421875
412,-28.828125,-54.140625
413,-28.828125,-48.515625
414,-28.828125,20.390625
415,-28.828125,31.640625
416,-28.828125,-55.546875
417,-28.828125,-49.921875
418,-28.828125,30.234375
419,-28.828125,153.984375
420,-28.828125,28.828125
421,-28.828125,-65.390625
422,-28.828125,152.578125
423,-28.828125,33.046875
424,-28.828125,26.015625
425,-28.828125,-63.984375
426,-28.828125,-51.328125
427,-28.828125,23.203125
428,-28.828125,-61.171875
429,-28.828125,24.609375
430,-28.828125,-66.796875
431,-28.828125,21.796875
432,-28.828125,-62.578125
433,-28.828125,-68.203125
434,-28.828125,-58.359375
435,-28.828125,151.171875
436,-28.828125,-56.953125
437,-28.828125,114.609375
438,-28.828125,-59.765625
439,-28.828125,18.984375
440,-28.828125,149.765625
441,-30.234375,30.234375
442,-30.234375,-52.734375
443,-30.234375,27.421875
444,-30.234375,28.828125
445,-30.234375,31.640625
446,-30.234375,21.796875
447,-30.234375,-56.953125
448,-30.234375,-51.328125
449,-30.234375,26.015625
450,-30.234375,-55.546875
451,-30.234375,24.609375
452,-30.234375,23.203125
453,-30.234375,152.578125
454,-30.234375,-68.203125
455,-30.234375,-54.140625
456,-30.234375,-49.921875
457,-30.234375,-71.015625
458,-30.234375,-59.765625
459,-30.234375,151.171875
460,-30.234375,-66.796875
461,-30.234375,-58.359375
462,-30.234375,-62.578125
463,-30.234375,17.578125
464,-3.515625,101.953125
465,-3.515625,118.828125
466,-3.515625,-55.546875
467,-3.515625,-42.890625
468,-3.515625,121.640625
469,-3.515625,-52.734375
470,-3.515625,-38.671875
471,-3.515625,40.078125
472,-3.515625,38.671875
473,-3.515625,-80.859375
474,-3.515625,-54.140625
475,-3.515625,-73.828125
476,-3.515625,116.015625
477,-3.515625,-78.046875
478,-3.515625,-33.046875
479,-3.515625,-34.453125
480,-3.515625,-47.109375
481,-3.515625,123.046875
482,-30.234375,-61.171875
483,-30.234375,116.015625
484,-30.234375,149.765625
485,-30.234375,-63.984375
486,-30.234375,-65.390625
487,-30.234375,121.640625
488,-30.234375,20.390625
489,-30.234375,146.953125
490,-31.640625,-55.546875
491,-31.640625,-52.734375
492,-31.640625,-71.015625
493,-31.640625,28.828125
494,-31.640625,-54.140625
495,-31.640625,-61.171875
496,-31.640625,-51.328125
497,-31.640625,-58.359375
498,-31.640625,-62.578125
499,-31.640625,-65.390625
500,-31.640625,24.609375
501,-31.640625,30.234375
502,-31.640625,-63.984375
503,-31.640625,26.015625
504,-31.640625,151.171875
505,-31.640625,149.765625
506,-31.640625,27.421875
507,-31.640625,152.578125
508,-31.640625,-68.203125
509,-31.640625,117.421875
510,-31.640625,-59.765625
511,-31.640625,-69.609375
512,-31.640625,17.578125
513,-31.640625,18.984375
514,-31.640625,-56.953125
515,-31.640625,21.796875
516,-31.640625,118.828125
517,-31.640625,-66.796875
518,-31.640625,20.390625
519,-31.640625,116.015625
520,-31.640625,23.203125
521,-31.640625,146.953125
522,-31.640625,130.078125
523,-31.640625,148.359375
524,-31.640625,131.484375
525,-31.640625,141.328125
526,-33.046875,116.015625
527,-33.046875,-54.140625
528,-33.046875,149.765625
529,-33.046875,-58.359375
530,-33.046875,-66.796875
531,-33.046875,-71.015625
532,-33.046875,27.421875
533,-33.046875,-61.171875
534,-33.046875,-65.390625
535,-33.046875,117.421875
536,-33.046875,-59.765625
537,-33.046875,-63.984375
538,-33.046875,151.171875
539,-33.046875,152.578125
540,-33.046875,24.609375
541,-33.046875,148.359375
542,-33.046875,-62.578125
543,-33.046875,18.984375
544,-33.046875,137.109375
545,-33.046875,23.203125
546,-33.046875,-69.609375
547,-33.046875,-68.203125
548,-33.046875,-52.734375
549,-33.046875,26.015625
550,-33.046875,118.828125
551,-33.046875,-55.546875
552,-33.046875,-56.953125
553,-33.046875,17.578125
554,-33.046875,20.390625
555,-33.046875,138.515625
556,-33.046875,134.296875
557,-33.046875,135.703125
558,-33.046875,146.953125
559,-33.046875,21.796875
560,-33.046875,114.609375
561,-34.453125,151.171875
562,-34.453125,-62.578125
563,-34.453125,26.015625
564,-34.453125,-65.390625
565,-34.453125,18.984375
566,-34.453125,20.390625
567,-34.453125,116.015625
568,-34.453125,-59.765625
569,-34.453125,21.796875
570,-34.453125,-55.546875
571,-34.453125,-71.015625
572,-34.453125,-56.953125
573,-34.453125,121.640625
574,-34.453125,-68.203125
575,-34.453125,-61.171875
576,-34.453125,24.609375
577,-34.453125,138.515625
578,-34.453125,114.609375
579,-34.453125,-58.359375
580,-34.453125,139.921875
581,-34.453125,118.828125
582,-34.453125,23.203125
583,-34.453125,-54.140625
584,-34.453125,-72.421875
585,-34.453125,-63.984375
586,-34.453125,141.328125
587,-34.453125,149.765625
588,-34.453125,137.109375
589,-34.453125,-66.796875
590,-34.453125,142.734375
591,-34.453125,146.953125
592,-34.453125,135.703125
593,-34.453125,145.546875
594,-34.453125,148.359375
595,-34.453125,172.265625
596,-34.453125,144.140625
597,-34.453125,117.421875
598,-34.453125,-69.609375
599,-34.453125,173.671875
600,-35.859375,146.953125
601,-35.859375,149.765625
602,-35.859375,148.359375
603,-35.859375,138.515625
604,-35.859375,173.671875
605,-35.859375,-61.171875
606,-35.859375,-59.765625
607,-35.859375,-71.015625
608,-35.859375,-58.359375
609,-35.859375,151.171875
610,-35.859375,-72.421875
611,-35.859375,139.921875
612,-35.859375,141.328125
613,-35.859375,144.140625
614,-35.859375,-56.953125
615,-35.859375,-63.984375
616,-35.859375,-68.203125
617,-35.859375,145.546875
618,-35.859375,-69.609375
619,-35.859375,142.734375
620,-35.859375,-66.796875
621,-35.859375,137.109375
622,-35.859375,-62.578125
623,-35.859375,175.078125
624,-37.265625,175.078125
625,-37.265625,-63.984375
626,-37.265625,-62.578125
627,-37.265625,144.140625
628,-37.265625,173.671875
629,-37.265625,-72.421875
630,-37.265625,145.546875
631,-37.265625,-56.953125
632,-37.265625,142.734375
633,-37.265625,-58.359375
634,-37.265625,-59.765625
635,-37.265625,-73.828125
636,-37.265625,149.765625
637,-37.265625,141.328125
638,-37.265625,-71.015625
639,-37.265625,176.484375
640,-37.265625,139.921875
641,-37.265625,-61.171875
642,-37.265625,-69.609375
643,-37.265625,177.890625
644,-37.265625,-68.203125
645,-37.265625,148.359375
646,-37.265625,146.953125
647,-38.671875,145.546875
648,-38.671875,144.140625
649,-38.671875,175.078125
650,-38.671875,177.890625
651,-38.671875,-56.953125
652,-38.671875,-73.828125
653,-38.671875,-72.421875
654,-38.671875,176.484375
655,-38.671875,-71.015625
656,-38.671875,-61.171875
657,-38.671875,-58.359375
658,-38.671875,141.328125
659,-38.671875,-59.765625
660,-38.671875,146.953125
661,-38.671875,142.734375
662,-38.671875,-68.203125
663,-38.671875,-62.578125
664,-38.671875,-69.609375
665,-38.671875,173.671875
666,-38.671875,-63.984375
667,-38.671875,-66.796875
668,-38.671875,-65.390625
669,-40.078125,175.078125
670,-40.078125,173.671875
671,-40.078125,176.484375
672,-40.078125,-72.421875
673,-40.078125,-69.609375
674,-40.078125,-65.390625
675,-40.078125,-71.015625
676,-40.078125,-73.828125
677,-40.078125,-66.796875
678,-3.515625,-49.921875
679,-3.515625,-69.609375
680,-4.921875,-80.859375
681,-4.921875,-44.296875
682,-4.921875,103.359375
683,-4.921875,104.765625
684,-4.921875,-42.890625
685,-4.921875,-79.453125
686,-4.921875,-41.484375
687,-4.921875,-40.078125
688,-4.921875,-38.671875
689,-4.921875,-47.109375
690,-4.921875,120.234375
691,-4.921875,121.640625
692,-4.921875,-73.828125
693,-4.921875,-45.703125
694,-4.921875,-37.265625
695,-4.921875,30.234375
696,-4.921875,123.046875
697,-4.921875,-48.515625
698,-4.921875,106.171875
699,-4.921875,-49.921875
700,-40.078125,-68.203125
701,-40.078125,145.546875
702,-41.484375,-62.578125
703,-41.484375,175.078125
704,-41.484375,172.265625
705,-41.484375,-68.203125
706,-41.484375,-65.390625
707,-41.484375,145.546875
708,-41.484375,-73.828125
709,-41.484375,146.953125
710,-41.484375,173.671875
711,-41.484375,-71.015625
712,-41.484375,176.484375
713,-41.484375,-72.421875
714,-41.484375,170.859375
715,-41.484375,148.359375
716,-42.890625,148.359375
717,-42.890625,-73.828125
718,-42.890625,172.265625
719,-42.890625,173.671875
720,-42.890625,146.953125
721,-42.890625,170.859375
722,-42.890625,-63.984375
723,-42.890625,-65.390625
724,-42.890625,-72.421875
725,-42.890625,-71.015625
726,-42.890625,-66.796875
727,-42.890625,169.453125
728,-42.890625,-69.609375
729,-44.296875,-66.796875
730,-44.296875,-65.390625
731,-44.296875,172.265625
732,-44.296875,-69.609375
733,-44.296875,170.859375
734,-44.296875,169.453125
735,-44.296875,173.671875
736,-44.296875,-72.421875
737,-44.296875,-71.015625
738,-45.703125,169.453125
739,-45.703125,170.859375
740,-45.703125,-66.796875
741,-45.703125,168.046875
742,-45.703125,-69.609375
743,-45.703125,-72.421875
744,-45.703125,-71.015625
745,-45.703125,-68.203125
746,-47.109375,168.046875
747,-47.109375,-68.203125
748,-47.109375,-69.609375
749,-47.109375,-71.015625
750,-47.109375,-72.421875
751,-47.109375,-66.796875
752,-47.109375,-73.828125
753,-47.109375,-65.390625
754,-48.515625,-68.203125
755,-49.921875,-68.203125
756,-49.921875,-71.015625
757,-49.921875,-69.609375
758,-4.921875,118.828125
759,-4.921875,-35.859375
760,-4.921875,72.421875
761,-6.328125,-47.109375
762,-6.328125,106.171875
763,-6.328125,-78.046875
764,-6.328125,-79.453125
765,-6.328125,-41.484375
766,-6.328125,-35.859375
767,-6.328125,-40.078125
768,-6.328125,-59.765625
769,-6.328125,-38.671875
770,-6.328125,-44.296875
771,-6.328125,-48.515625
772,-6.328125,-37.265625
773,-6.328125,-45.703125
774,-6.328125,-42.890625
775,-6.328125,-76.640625
776,-6.328125,107.578125
777,-49.921875,-72.421875
778,-51.328125,-71.015625
779,-51.328125,-72.421875
780,-51.328125,-69.609375
781,-52.734375,-72.421875
782,-52.734375,-71.015625
783,-52.734375,-68.203125
784,-54.140625,-68.203125
785,-54.140625,-37.265625
786,-55.546875,-66.796875
787,-55.546875,-68.203125
788,-6.328125,-49.921875
789,-6.328125,-34.453125
790,-6.328125,71.015625
791,-6.328125,108.984375
792,-6.328125,110.390625
793,-6.328125,111.796875
794,-6.328125,113.203125
795,-6.328125,114.609375
796,-62.578125,-59.765625
797,-7.734375,111.796875
798,-7.734375,-78.046875
799,-7.734375,110.390625
800,-7.734375,113.203125
801,-7.734375,-41.484375
802,-7.734375,108.984375
803,-7.734375,107.578125
804,-7.734375,-79.453125
805,-7.734375,-38.671875
806,-7.734375,-40.078125
807,-7.734375,-35.859375
808,-7.734375,-76.640625
809,-7.734375,-34.453125
810,-7.734375,-37.265625
811,-7.734375,106.171875
812,-7.734375,-44.296875
813,-7.734375,-48.515625
814,-7.734375,-45.703125
815,-7.734375,-49.921875
816,-7.734375,-47.109375
817,-7.734375,-62.578125
818,-7.734375,-42.890625
819,-7.734375,114.609375
820,-7.734375,-72.421875
821,-78.046875,166.640625
822,-78.046875,163.828125
823,-7.734375,-71.015625
824,-7.734375,124.453125
825,-7.734375,117.421875
826,-7.734375,116.015625
827,-7.734375,123.046875
828,-7.734375,118.828125
829,-7.734375,-75.234375
830,-7.734375,121.640625
831,-9.140625,-35.859375
832,-9.140625,116.015625
833,-9.140625,118.828125
834,-9.140625,114.609375
835,-9.140625,-76.640625
836,-9.140625,117.421875
837,-9.140625,-48.515625
838,-9.140625,-78.046875
839,-9.140625,-69.609375
840,-9.140625,-38.671875
841,-9.140625,-37.265625
842,-9.140625,121.640625
843,-9.140625,-40.078125
844,-9.140625,120.234375
845,-9.140625,-34.453125
846,-9.140625,-42.890625
847,-9.140625,-41.484375
848,-9.140625,-63.984375
849,-9.140625,-66.796875
850,-9.140625,-47.109375
851,-9.140625,-75.234375
852,-9.140625,-44.296875
853,-9.140625,124.453125
854,-9.140625,-68.203125
855,-9.140625,-62.578125
856,-9.140625,-59.765625
857,-9.140625,-65.390625
858,-9.140625,-55.546875
859,-10.546875,120.234375
860,0.703125,-78.046875
861,0.703125,34.453125
862,0.703125,35.859375
863,0.703125,-76.640625
864,0.703125,-51.328125
865,0.703125,33.046875
866,0.703125,37.265625
867,0.703125,-79.453125
868,0.703125,100.546875
869,0.703125,38.671875
870,0.703125,101.953125
871,0.703125,117.421875
872,0.703125,108.984375
873,0.703125,110.390625
874,0.703125,30.234375
875,0.703125,121.640625
876,0.703125,123.046875
877,0.703125,124.453125
878,0.703125,99.140625
879,0.703125,120.234375
880,0.703125,97.734375
881,0.703125,104.765625
882,0.703125,103.359375
883,0.703125,111.796875
884,2.109375,103.359375
885,2.109375,111.796875
886,2.109375,99.140625
887,2.109375,-78.046875
888,2.109375,124.453125
889,2.109375,110.390625
890,2.109375,104.765625
891,2.109375,97.734375
892,2.109375,-76.640625
893,2.109375,108.984375
894,2.109375,-75.234375
895,2.109375,37.265625
896,2.109375,100.546875
897,2.109375,101.953125
898,2.109375,-79.453125
899,2.109375,117.421875
900,2.109375,-61.171875
901,2.109375,31.640625
902,10.546875,124.453125
903,10.546875,-0.703125
904,10.546875,-83.671875
905,10.546875,-2.109375
906,10.546875,99.140625
907,10.546875,118.828125
908,10.546875,-75.234375
909,10.546875,-73.828125
910,10.546875,123.046875
911,10.546875,121.640625
912,10.546875,-3.515625
913,10.546875,104.765625
914,10.546875,-85.078125
915,10.546875,103.359375
916,10.546875,-72.421875
917,10.546875,106.171875
918,10.546875,79.453125
919,10.546875,76.640625
920,11.953125,124.453125
921,11.953125,104.765625
922,11.953125,99.140625
923,11.953125,106.171875
924,11.953125,123.046875
925,11.953125,121.640625
926,11.953125,75.234375
927,11.953125,125.859375
928,11.953125,76.640625
929,11.953125,-72.421875
930,11.953125,103.359375
931,11.953125,100.546875
932,11.953125,-68.203125
933,11.953125,-69.609375
934,11.953125,79.453125
935,11.953125,101.953125
936,11.953125,107.578125
937,11.953125,-82.265625
938,13.359375,104.765625
939,13.359375,101.953125
940,13.359375,100.546875
941,13.359375,124.453125
942,13.359375,76.640625
943,13.359375,103.359375
944,13.359375,106.171875
945,13.359375,120.234375
946,13.359375,78.046875
947,13.359375,-11.953125
948,13.359375,121.640625
949,13.359375,99.140625
950,13.359375,79.453125
951,13.359375,123.046875
952,13.359375,80.859375
953,13.359375,-13.359375
954,13.359375,75.234375
955,13.359375,144.140625
956,13.359375,107.578125
957,13.359375,145.546875
958,13.359375,-90.703125
959,13.359375,-16.171875
960,13.359375,-14.765625
961,14.765625,101.953125
962,14.765625,-16.171875
963,14.765625,99.140625
964,14.765625,120.234375
965,14.765625,100.546875
966,14.765625,121.640625
967,14.765625,-90.703125
968,14.765625,103.359375
969,14.765625,-14.765625
970,14.765625,106.171875
971,14.765625,123.046875
972,14.765625,-92.109375
973,14.765625,104.765625
974,14.765625,76.640625
975,14.765625,-11.953125
976,14.765625,-89.296875
977,14.765625,-17.578125
978,14.765625,-3.515625
979,14.765625,-13.359375
980,14.765625,-61.171875
981,14.765625,97.734375
982,14.765625,145.546875
983,14.765625,-93.515625
984,14.765625,73.828125
985,14.765625,75.234375
986,16.171875,106.171875
987,16.171875,120.234375
988,16.171875,-90.703125
989,16.171875,-16.171875
990,16.171875,101.953125
991,16.171875,-89.296875
992,16.171875,100.546875
993,16.171875,121.640625
994,16.171875,104.765625
995,16.171875,103.359375
996,16.171875,73.828125
997,16.171875,99.140625
998,16.171875,-13.359375
999,16.171875,75.234375
1000,16.171875,-87.890625
1001,16.171875,-93.515625
1002,16.171875,-92.109375
1003,16.171875,-96.328125
1004,16.171875,-97.734375
1005,16.171875,-14.765625
1006,16.171875,-94.921875
1007,16.171875,-0.703125
1008,16.171875,82.265625
1009,16.171875,79.453125
1010,16.171875,-99.140625
1011,16.171875,-100.546875
1012,17.578125,99.140625
1013,17.578125,-100.546875
1014,17.578125,82.265625
1015,17.578125,-96.328125
1016,17.578125,-93.515625
1017,17.578125,100.546875
1018,17.578125,-99.140625
1019,17.578125,-94.921875
1020,17.578125,121.640625
1021,17.578125,-89.296875
1022,17.578125,103.359375
1023,17.578125,-92.109375
1024,17.578125,80.859375
1025,17.578125,104.765625
1026,17.578125,120.234375
1027,17.578125,101.953125
1028,17.578125,97.734375
1029,17.578125,78.046875
1030,17.578125,-97.734375
1031,17.578125,-101.953125
1032,17.578125,-65.390625
1033,17.578125,83.671875
1034,17.578125,-63.984375
1035,17.578125,79.453125
1036,17.578125,-66.796875
1037,17.578125,73.828125
1038,18.984375,99.140625
1039,18.984375,121.640625
1040,18.984375,103.359375
1041,18.984375,97.734375
1042,18.984375,-89.296875
1043,18.984375,-96.328125
1044,18.984375,-66.796875
1045,18.984375,-99.140625
1046,18.984375,100.546875
1047,18.984375,-93.515625
1048,18.984375,-65.390625
1049,18.984375,-94.921875
1050,18.984375,120.234375
1051,18.984375,-90.703125
1052,18.984375,-101.953125
1053,18.984375,-100.546875
1054,18.984375,-97.734375
1055,18.984375,-92.109375
1056,18.984375,73.828125
1057,18.984375,-69.609375
1058,18.984375,-87.890625
1059,18.984375,72.421875
1060,18.984375,-103.359375
1061,18.984375,83.671875
1062,18.984375,101.953125
1063,18.984375,-155.390625
1064,18.984375,-104.765625
1065,18.984375,76.640625
1066,18.984375,-71.015625
1067,20.390625,-101.953125
1068,20.390625,99.140625
1069,20.390625,-155.390625
1070,20.390625,-99.140625
1071,20.390625,-103.359375
1072,20.390625,-100.546875
1073,20.390625,100.546875
1074,20.390625,-96.328125
1075,20.390625,-97.734375
1076,20.390625,97.734375
1077,20.390625,-90.703125
1078,20.390625,-89.296875
1079,20.390625,-87.890625
1080,20.390625,101.953125
1081,20.390625,75.234375
1082,20.390625,73.828125
1083,2.109375,-72.421875
1084,2.109375,-59.765625
1085,2.109375,113.203125
1086,3.515625,101.953125
1087,3.515625,104.765625
1088,3.515625,-61.171875
1089,3.515625,117.421875
1090,3.515625,99.140625
1091,3.515625,103.359375
1092,3.515625,-75.234375
1093,3.515625,97.734375
1094,3.515625,-76.640625
1095,3.515625,111.796875
1096,20.390625,-104.765625
1097,20.390625,-106.171875
1098,20.390625,86.484375
1099,20.390625,-86.484375
1100,20.390625,-156.796875
1101,20.390625,78.046875
1102,20.390625,92.109375
1103,21.796875,-100.546875
1104,21.796875,-101.953125
1105,21.796875,79.453125
1106,21.796875,-86.484375
1107,21.796875,-97.734375
1108,21.796875,-99.140625
1109,21.796875,-103.359375
1110,21.796875,-104.765625
1111,21.796875,-89.296875
1112,21.796875,-158.203125
1113,21.796875,76.640625
1114,21.796875,82.265625
1115,21.796875,92.109375
1116,21.796875,-87.890625
1117,21.796875,71.015625
1118,21.796875,89.296875
1119,21.796875,-159.609375
1120,21.796875,120.234375
1121,21.796875,90.703125
1122,21.796875,121.640625
1123,21.796875,114.609375
1124,21.796875,113.203125
1125,21.796875,75.234375
1126,21.796875,87.890625
1127,23.203125,120.234375
1128,23.203125,114.609375
1129,23.203125,-100.546875
1130,23.203125,-99.140625
1131,23.203125,89.296875
1132,23.203125,92.109375
1133,23.203125,-97.734375
1134,23.203125,87.890625
1135,23.203125,90.703125
1136,23.203125,-101.953125
1137,23.203125,75.234375
1138,23.203125,121.640625
1139,23.203125,-103.359375
1140,23.203125,-106.171875
1141,23.203125,-110.390625
1142,23.203125,72.421875
1143,23.203125,54.140625
1144,23.203125,78.046875
1145,23.203125,-104.765625
1146,23.203125,118.828125
1147,23.203125,79.453125
1148,23.203125,-107.578125
1149,24.609375,120.234375
1150,24.609375,90.703125
1151,24.609375,121.640625
1152,24.609375,-99.140625
1153,24.609375,-106.171875
1154,24.609375,89.296875
1155,24.609375,-104.765625
1156,24.609375,-107.578125
1157,24.609375,55.546875
1158,24.609375,-110.390625
1159,24.609375,87.890625
1160,24.609375,-103.359375
1161,24.609375,92.109375
1162,24.609375,52.734375
1163,24.609375,124.453125
1164,24.609375,54.140625
1165,24.609375,118.828125
1166,24.609375,123.046875
1167,24.609375,-82.265625
1168,24.609375,78.046875
1169,24.609375,-80.859375
1170,24.609375,125.859375
1171,24.609375,-97.734375
1172,24.609375,79.453125
1173,24.609375,-100.546875
1174,24.609375,75.234375
1175,24.609375,83.671875
1176,24.609375,56.953125
1177,24.609375,85.078125
1178,24.609375,73.828125
1179,24.609375,-101.953125
1180,24.609375,51.328125
1181,26.015625,55.546875
1182,26.015625,-100.546875
1183,26.015625,89.296875
1184,26.015625,-99.140625
1185,26.015625,83.671875
1186,26.015625,-103.359375
1187,26.015625,-111.796875
1188,26.015625,82.265625
1189,26.015625,-101.953125
1190,26.015625,-80.859375
1191,26.015625,-107.578125
1192,26.015625,56.953125
1193,26.015625,-108.984375
1194,26.015625,-97.734375
1195,26.015625,-79.453125
1196,26.015625,87.890625
1197,26.015625,-82.265625
1198,26.015625,76.640625
1199,26.015625,127.265625
1200,26.015625,92.109375
1201,26.015625,120.234375
1202,26.015625,78.046875
1203,26.015625,72.421875
1204,26.015625,-104.765625
1205,26.015625,75.234375
1206,26.015625,128.671875
1207,27.421875,128.671875
1208,27.421875,-80.859375
1209,27.421875,-79.453125
1210,27.421875,127.265625
1211,27.421875,-104.765625
1212,27.421875,92.109375
1213,27.421875,-107.578125
1214,27.421875,-106.171875
1215,27.421875,89.296875
1216,27.421875,80.859375
1217,27.421875,75.234375
1218,27.421875,-97.734375
1219,27.421875,90.703125
1220,27.421875,-101.953125
1221,27.421875,-82.265625
1222,27.421875,-108.984375
1223,27.421875,-99.140625
1224,27.421875,-110.390625
1225,27.421875,142.734375
1226,27.421875,78.046875
1227,27.421875,73.828125
1228,27.421875,-113.203125
1229,27.421875,82.265625
1230,27.421875,76.640625
1231,27.421875,86.484375
1232,27.421875,-16.171875
1233,27.421875,-17.578125
1234,27.421875,-14.765625
1235,27.421875,-100.546875
1236,28.828125,-82.265625
1237,28.828125,-80.859375
1238,28.828125,-17.578125
1239,28.828125,-16.171875
1240,28.828125,-104.765625
1241,28.828125,-106.171875
1242,28.828125,-97.734375
1243,28.828125,130.078125
1244,28.828125,-99.140625
1245,28.828125,128.671875
1246,28.828125,76.640625
1247,28.828125,-14.765625
1248,28.828125,-100.546875
1249,28.828125,75.234375
1250,28.828125,-96.328125
1251,28.828125,-107.578125
1252,28.828125,-13.359375
1253,28.828125,78.046875
1254,28.828125,-114.609375
1255,28.828125,-111.796875
1256,28.828125,-94.921875
1257,28.828125,-110.390625
1258,28.828125,-83.671875
1259,28.828125,-90.703125
1260,28.828125,-89.296875
1261,28.828125,34.453125
1262,30.234375,-90.703125
1263,30.234375,-99.140625
1264,30.234375,-94.921875
1265,30.234375,-97.734375
1266,30.234375,-104.765625
1267,30.234375,34.453125
1268,30.234375,-80.859375
1269,30.234375,-96.328125
1270,30.234375,-83.671875
1271,30.234375,-82.265625
1272,30.234375,-110.390625
1273,30.234375,-106.171875
1274,30.234375,-85.078125
1275,30.234375,79.453125
1276,30.234375,35.859375
1277,30.234375,72.421875
1278,30.234375,-93.515625
1279,30.234375,78.046875
1280,30.234375,-89.296875
1281,30.234375,31.640625
1282,30.234375,130.078125
1283,30.234375,-92.109375
1284,30.234375,76.640625
1285,3.515625,-72.421875
1286,3.515625,35.859375
1287,3.515625,113.203125
1288,3.515625,-73.828125
1289,3.515625,-59.765625
1290,3.515625,100.546875
1291,3.515625,116.015625
1292,3.515625,34.453125
1293,3.515625,33.046875
1294,3.515625,114.609375
1295,30.234375,-100.546875
1296,30.234375,-107.578125
1297,30.234375,-111.796875
1298,30.234375,75.234375
1299,30.234375,-86.484375
1300,30.234375,71.015625
1301,30.234375,-103.359375
1302,30.234375,-87.890625
1303,30.234375,73.828125
1304,30.234375,131.484375
1305,30.234375,104.765625
1306,30.234375,120.234375
1307,30.234375,30.234375
1308,30.234375,-113.203125
1309,30.234375,-101.953125
1310,31.640625,-83.671875
1311,31.640625,-90.703125
1312,31.640625,35.859375
1313,31.640625,-86.484375
1314,31.640625,-110.390625
1315,31.640625,-85.078125
1316,31.640625,-87.890625
1317,31.640625,-89.296875
1318,31.640625,-92.109375
1319,31.640625,-97.734375
1320,31.640625,-114.609375
1321,31.640625,76.640625
1322,31.640625,34.453125
1323,31.640625,-93.515625
1324,31.640625,-100.546875
1325,31.640625,-82.265625
1326,31.640625,73.828125
1327,31.640625,-99.140625
1328,31.640625,-106.171875
1329,31.640625,-96.328125
1330,31.640625,130.078125
1331,31.640625,-80.859375
1332,31.640625,-111.796875
1333,31.640625,121.640625
1334,31.640625,-108.984375
1335,31.640625,-94.921875
1336,31.640625,75.234375
1337,31.640625,131.484375
1338,31.640625,-116.015625
1339,31.640625,-103.359375
1340,31.640625,-107.578125
1341,31.640625,-101.953125
1342,31.640625,-113.203125
1343,31.640625,-65.390625
1344,31.640625,-104.765625
1345,33.046875,-89.296875
1346,33.046875,-90.703125
1347,33.046875,-108.984375
1348,33.046875,-106.171875
1349,33.046875,-86.484375
1350,33.046875,-100.546875
1351,33.046875,-97.734375
1352,33.046875,-93.515625
1353,33.046875,-94.921875
1354,33.046875,-110.390625
1355,33.046875,-83.671875
1356,33.046875,35.859375
1357,33.046875,34.453125
1358,33.046875,-104.765625
1359,33.046875,-80.859375
1360,33.046875,-111.796875
1361,33.046875,-85.078125
1362,33.046875,-96.328125
1363,33.046875,-63.984375
1364,33.046875,-82.265625
1365,33.046875,-99.140625
1366,33.046875,131.484375
1367,33.046875,-87.890625
1368,33.046875,118.828125
1369,33.046875,130.078125
1370,33.046875,-92.109375
1371,33.046875,-117.421875
1372,33.046875,-116.015625
1373,33.046875,-114.609375
1374,33.046875,-107.578125
1375,33.046875,128.671875
1376,33.046875,-16.171875
1377,33.046875,-17.578125
1378,33.046875,-79.453125
1379,33.046875,-101.953125
1380,33.046875,72.421875
1381,33.046875,-103.359375
1382,33.046875,132.890625
1383,33.046875,-113.203125
1384,33.046875,73.828125
1385,33.046875,139.921875
1386,33.046875,125.859375
1387,33.046875,134.296875
1388,33.046875,44.296875
1389,33.046875,-118.828125
1390,33.046875,10.546875
1391,33.046875,127.265625
1392,33.046875,135.703125
1393,34.453125,-83.671875
1394,34.453125,-111.796875
1395,34.453125,-79.453125
1396,34.453125,130.078125
1397,34.453125,-117.421875
1398,34.453125,-85.078125
1399,34.453125,135.703125
1400,34.453125,-118.828125
1401,34.453125,-87.890625
1402,34.453125,-116.015625
1403,34.453125,-86.484375
1404,34.453125,-113.203125
1405,34.453125,-94.921875
1406,34.453125,131.484375
1407,34.453125,10.546875
1408,34.453125,132.890625
1409,34.453125,-82.265625
1410,34.453125,-96.328125
1411,34.453125,-80.859375
1412,34.453125,-89.296875
1413,34.453125,-97.734375
1414,34.453125,-90.703125
1415,34.453125,-101.953125
1416,34.453125,-92.109375
1417,34.453125,134.296875
1418,34.453125,73.828125
1419,34.453125,-78.046875
1420,34.453125,-99.140625
1421,34.453125,-110.390625
1422,34.453125,-100.546875
1423,34.453125,-93.515625
1424,34.453125,35.859375
1425,34.453125,139.921875
1426,34.453125,-104.765625
1427,34.453125,-120.234375
1428,34.453125,-103.359375
1429,34.453125,-107.578125
1430,34.453125,128.671875
1431,34.453125,-114.609375
1432,34.453125,137.109375
1433,34.453125,127.265625
1434,34.453125,-106.171875
1435,34.453125,138.515625
1436,34.453125,-76.640625
1437,34.453125,125.859375
1438,34.453125,26.015625
1439,34.453125,24.609375
1440,35.859375,137.109375
1441,35.859375,-90.703125
1442,35.859375,128.671875
1443,35.859375,139.921875
1444,35.859375,-80.859375
1445,35.859375,138.515625
1446,35.859375,-89.296875
1447,35.859375,-82.265625
1448,35.859375,-92.109375
1449,35.859375,-120.234375
1450,35.859375,26.015625
1451,35.859375,-114.609375
1452,35.859375,-106.171875
1453,35.859375,134.296875
1454,35.859375,127.265625
1455,35.859375,-97.734375
1456,35.859375,-79.453125
1457,35.859375,-85.078125
1458,35.859375,-94.921875
1459,35.859375,132.890625
1460,35.859375,-83.671875
1461,35.859375,135.703125
1462,35.859375,-87.890625
1463,35.859375,-99.140625
1464,35.859375,-103.359375
1465,35.859375,-86.484375
1466,35.859375,24.609375
1467,35.859375,-101.953125
1468,35.859375,-111.796875
1469,35.859375,-76.640625
1470,35.859375,-96.328125
1471,35.859375,10.546875
1472,35.859375,-100.546875
1473,35.859375,-78.046875
1474,35.859375,-93.515625
1475,35.859375,-118.828125
1476,35.859375,23.203125
1477,35.859375,-108.984375
1478,35.859375,-110.390625
1479,35.859375,-104.765625
1480,35.859375,-107.578125
1481,35.859375,-117.421875
1482,35.859375,125.859375
1483,35.859375,11.953125
1484,35.859375,-121.640625
1485,35.859375,141.328125
1486,35.859375,130.078125
1487,35.859375,-116.015625
1488,35.859375,14.765625
1489,35.859375,-75.234375
1490,35.859375,-4.921875
1491,35.859375,33.046875
1492,35.859375,-6.328125
1493,35.859375,35.859375
1494,35.859375,30.234375
1495,35.859375,34.453125
1496,35.859375,27.421875
1497,35.859375,31.640625
1498,35.859375,28.828125
1499,35.859375,9.140625
1500,35.859375,21.796875
1501,37.265625,138.515625
1502,37.265625,139.921875
1503,37.265625,141.328125
1504,37.265625,137.109375
1505,37.265625,-120.234375
1506,37.265625,-90.703125
1507,37.265625,-79.453125
1508,37.265625,33.046875
1509,37.265625,-86.484375
1510,37.265625,-87.890625
1511,37.265625,-94.921875
1512,37.265625,-93.515625
1513,37.265625,-82.265625
1514,37.265625,-6.328125
1515,37.265625,-80.859375
1516,37.265625,-118.828125
1517,37.265625,35.859375
1518,37.265625,-4.921875
1519,37.265625,31.640625
1520,37.265625,30.234375
1521,37.265625,-83.671875
1522,37.265625,10.546875
1523,37.265625,-121.640625
1524,37.265625,-85.078125
1525,37.265625,-78.046875
1526,37.265625,-117.421875
1527,37.265625,21.796875
1528,37.265625,24.609375
1529,37.265625,-89.296875
1530,37.265625,-76.640625
1531,37.265625,28.828125
1532,37.265625,27.421875
1533,37.265625,-97.734375
1534,37.265625,34.453125
1535,37.265625,23.203125
1536,37.265625,-107.578125
1537,37.265625,37.265625
1538,37.265625,-92.109375
1539,37.265625,-3.515625
1540,37.265625,-108.984375
1541,37.265625,14.765625
1542,37.265625,-96.328125
1543,37.265625,-2.109375
1544,37.265625,127.265625
1545,37.265625,128.671875
1546,37.265625,11.953125
1547,37.265625,-100.546875
1548,37.265625,26.015625
1549,37.265625,38.671875
1550,37.265625,-106.171875
1551,37.265625,-113.203125
1552,37.265625,-7.734375
1553,37.265625,41.484375
1554,37.265625,-9.140625
1555,37.265625,9.140625
1556,37.265625,40.078125
1557,37.265625,-104.765625
1558,37.265625,13.359375
1559,37.265625,125.859375
1560,37.265625,-101.953125
1561,37.265625,-123.046875
1562,37.265625,-0.703125
1563,37.265625,-99.140625
1564,37.265625,-111.796875
1565,37.265625,20.390625
1566,37.265625,-75.234375
1567,37.265625,-26.015625
1568,37.265625,44.296875
1569,37.265625,-24.609375
1570,38.671875,14.765625
1571,38.671875,-3.515625
1572,38.671875,-85.078125
1573,38.671875,-121.640625
1574,38.671875,23.203125
1575,38.671875,-87.890625
1576,38.671875,41.484375
1577,38.671875,139.921875
1578,38.671875,21.796875
1579,38.671875,-82.265625
1580,38.671875,-120.234375
1581,38.671875,33.046875
1582,38.671875,-0.703125
1583,38.671875,138.515625
1584,38.671875,-123.046875
1585,38.671875,16.171875
1586,38.671875,-80.859375
1587,38.671875,-89.296875
1588,38.671875,127.265625
1589,38.671875,-100.546875
1590,38.671875,128.671875
1591,38.671875,141.328125
1592,38.671875,-4.921875
1593,38.671875,-86.484375
1594,38.671875,13.359375
1595,38.671875,30.234375
1596,38.671875,-76.640625
1597,38.671875,-7.734375
1598,38.671875,-9.140625
1599,38.671875,-83.671875
1600,38.671875,40.078125
1601,38.671875,-78.046875
1602,38.671875,-111.796875
1603,38.671875,-96.328125
1604,38.671875,-79.453125
1605,38.671875,-103.359375
1606,38.671875,11.953125
1607,38.671875,35.859375
1608,38.671875,37.265625
1609,38.671875,28.828125
1610,38.671875,31.640625
1611,38.671875,-2.109375
1612,38.671875,-94.921875
1613,38.671875,24.609375
1614,38.671875,-97.734375
1615,38.671875,-75.234375
1616,38.671875,27.421875
1617,38.671875,-92.109375
1618,38.671875,-6.328125
1619,38.671875,-90.703125
1620,38.671875,-117.421875
1621,38.671875,-93.515625
1622,38.671875,20.390625
1623,38.671875,-101.953125
1624,38.671875,-104.765625
1625,38.671875,34.453125
1626,38.671875,-99.140625
1627,38.671875,38.671875
1628,38.671875,-113.203125
1629,38.671875,-108.984375
1630,38.671875,26.015625
1631,38.671875,-107.578125
1632,38.671875,42.890625
1633,38.671875,44.296875
1634,38.671875,-106.171875
1635,38.671875,-27.421875
1636,38.671875,2.109375
1637,38.671875,0.703125
1638,38.671875,9.140625
1639,38.671875,17.578125
1640,38.671875,7.734375
1641,38.671875,-124.453125
1642,38.671875,-110.390625
1643,38.671875,-114.609375
1644,38.671875,-73.828125
1645,40.078125,141.328125
1646,40.078125,-124.453125
1647,40.078125,-85.078125
1648,40.078125,23.203125
1649,40.078125,-76.640625
1650,40.078125,9.140625
1651,40.078125,-83.671875
1652,40.078125,3.515625
1653,40.078125,-75.234375
1654,40.078125,-100.546875
1655,40.078125,-97.734375
1656,40.078125,-78.046875
1657,40.078125,27.421875
1658,40.078125,37.265625
1659,40.078125,139.921875
1660,40.078125,-9.140625
1661,40.078125,-2.109375
1662,40.078125,-7.734375
1663,40.078125,-80.859375
1664,40.078125,-87.890625
1665,40.078125,-0.703125
1666,40.078125,-94.921875
1667,40.078125,16.171875
1668,40.078125,-123.046875
1669,40.078125,-104.765625
1670,40.078125,7.734375
1671,40.078125,-107.578125
1672,40.078125,20.390625
1673,40.078125,-120.234375
1674,40.078125,-86.484375
1675,40.078125,-93.515625
1676,40.078125,30.234375
1677,40.078125,34.453125
1678,40.078125,-89.296875
1679,40.078125,-6.328125
1680,40.078125,-79.453125
1681,40.078125,28.828125
1682,40.078125,-90.703125
1683,40.078125,21.796875
1684,40.078125,2.109375
1685,40.078125,-82.265625
1686,40.078125,-121.640625
1687,40.078125,-96.328125
1688,40.078125,-92.109375
1689,40.078125,-99.140625
1690,40.078125,-3.515625
1691,40.078125,44.296875
1692,40.078125,31.640625
1693,40.078125,-118.828125
1694,40.078125,33.046875
1695,40.078125,35.859375
1696,40.078125,26.015625
1697,40.078125,-106.171875
1698,40.078125,-111.796875
1699,40.078125,-4.921875
1700,40.078125,142.734375
1701,40.078125,38.671875
1702,40.078125,42.890625
1703,40.078125,41.484375
1704,40.078125,-110.390625
1705,40.078125,-73.828125
1706,40.078125,-103.359375
1707,40.078125,40.078125
1708,40.078125,17.578125
1709,40.078125,4.921875
1710,40.078125,18.984375
1711,40.078125,116.015625
1712,4.921875,103.359375
1713,4.921875,-75.234375
1714,4.921875,-61.171875
1715,4.921875,100.546875
1716,4.921875,-73.828125
1717,4.921875,118.828125
1718,4.921875,101.953125
1719,4.921875,114.609375
1720,4.921875,97.734375
1721,4.921875,117.421875
1722,4.921875,-72.421875
1723,4.921875,-76.640625
1724,4.921875,-59.765625
1725,4.921875,116.015625
1726,4.921875,-2.109375
1727,40.078125,24.609375
1728,40.078125,14.765625
1729,40.078125,0.703125
1730,40.078125,-108.984375
1731,40.078125,-101.953125
1732,40.078125,72.421875
1733,40.078125,-117.421875
1734,40.078125,-114.609375
1735,40.078125,73.828125
1736,40.078125,13.359375
1737,40.078125,-72.421875
1738,41.484375,-73.828125
1739,41.484375,139.921875
1740,41.484375,-7.734375
1741,41.484375,-96.328125
1742,41.484375,-99.140625
1743,41.484375,-111.796875
1744,41.484375,-75.234375
1745,41.484375,28.828125
1746,41.484375,24.609375
1747,41.484375,-72.421875
1748,41.484375,30.234375
1749,41.484375,-80.859375
1750,41.484375,17.578125
1751,41.484375,-79.453125
1752,41.484375,16.171875
1753,41.484375,-124.453125
1754,41.484375,-0.703125
1755,41.484375,-76.640625
1756,41.484375,9.140625
1757,41.484375,-82.265625
1758,41.484375,21.796875
1759,41.484375,-90.703125
1760,41.484375,-89.296875
1761,41.484375,-78.046875
1762,41.484375,141.328125
1763,41.484375,14.765625
1764,41.484375,-83.671875
1765,41.484375,-86.484375
1766,41.484375,33.046875
1767,41.484375,-3.515625
1768,41.484375,-116.015625
1769,41.484375,7.734375
1770,41.484375,0.703125
1771,41.484375,34.453125
1772,41.484375,-103.359375
1773,41.484375,-85.078125
1774,41.484375,26.015625
1775,41.484375,40.078125
1776,41.484375,-6.328125
1777,41.484375,-2.109375
1778,41.484375,23.203125
1779,41.484375,31.640625
1780,41.484375,-87.890625
1781,41.484375,-4.921875
1782,41.484375,-92.109375
1783,41.484375,-93.515625
1784,41.484375,-9.140625
1785,41.484375,-97.734375
1786,41.484375,35.859375
1787,41.484375,18.984375
1788,41.484375,37.265625
1789,41.484375,72.421875
1790,41.484375,-121.640625
1791,41.484375,20.390625
1792,41.484375,38.671875
1793,41.484375,-117.421875
1794,41.484375,13.359375
1795,41.484375,42.890625
1796,41.484375,-94.921875
1797,41.484375,-114.609375
1798,41.484375,-100.546875
1799,41.484375,-107.578125
1800,41.484375,-123.046875
1801,41.484375,27.421875
1802,41.484375,-104.765625
1803,41.484375,-101.953125
1804,41.484375,41.484375
1805,41.484375,2.109375
1806,41.484375,-110.390625
1807,41.484375,-69.609375
1808,41.484375,76.640625
1809,41.484375,-106.171875
1810,41.484375,-71.015625
1811,41.484375,75.234375
1812,41.484375,11.953125
1813,41.484375,-108.984375
1814,41.484375,3.515625
1815,41.484375,73.828125
1816,41.484375,-118.828125
1817,41.484375,142.734375
1818,41.484375,48.515625
1819,41.484375,78.046875
1820,41.484375,-120.234375
1821,42.890625,-87.890625
1822,42.890625,-83.671875
1823,42.890625,-72.421875
1824,42.890625,-92.109375
1825,42.890625,-89.296875
1826,42.890625,24.609375
1827,42.890625,-121.640625
1828,42.890625,-6.328125
1829,42.890625,-9.140625
1830,42.890625,-3.515625
1831,42.890625,11.953125
1832,42.890625,-82.265625
1833,42.890625,-71.015625
1834,42.890625,-85.078125
1835,42.890625,14.765625
1836,42.890625,-75.234375
1837,42.890625,-73.828125
1838,42.890625,-79.453125
1839,42.890625,78.046875
1840,42.890625,-4.921875
1841,42.890625,-96.328125
1842,42.890625,-86.484375
1843,42.890625,-78.046875
1844,42.890625,-104.765625
1845,42.890625,73.828125
1846,42.890625,-90.703125
1847,42.890625,-94.921875
1848,42.890625,-97.734375
1849,42.890625,142.734375
1850,42.890625,-7.734375
1851,42.890625,26.015625
1852,42.890625,18.984375
1853,42.890625,9.140625
1854,42.890625,2.109375
1855,42.890625,3.515625
1856,42.890625,20.390625
1857,42.890625,75.234375
1858,42.890625,-2.109375
1859,42.890625,-93.515625
1860,42.890625,0.703125
1861,42.890625,-123.046875
1862,42.890625,139.921875
1863,42.890625,23.203125
1864,42.890625,-110.390625
1865,42.890625,21.796875
1866,42.890625,-113.203125
1867,42.890625,-114.609375
1868,42.890625,13.359375
1869,42.890625,-111.796875
1870,42.890625,27.421875
1871,42.890625,48.515625
1872,42.890625,141.328125
1873,42.890625,-76.640625
1874,42.890625,76.640625
1875,42.890625,-101.953125
1876,42.890625,-0.703125
1877,42.890625,130.078125
1878,42.890625,10.546875
1879,42.890625,-120.234375
1880,42.890625,72.421875
1881,42.890625,-80.859375
1882,42.890625,47.109375
1883,42.890625,17.578125
1884,42.890625,144.140625
1885,42.890625,131.484375
1886,42.890625,-106.171875
1887,42.890625,132.890625
1888,42.890625,-108.984375
1889,42.890625,-103.359375
1890,42.890625,134.296875
1891,42.890625,44.296875
1892,42.890625,16.171875
1893,42.890625,-124.453125
1894,42.890625,6.328125
1895,42.890625,-116.015625
1896,42.890625,45.703125
1897,42.890625,145.546875
1898,42.890625,4.921875
1899,42.890625,-100.546875
1900,42.890625,-99.140625
1901,42.890625,28.828125
1902,42.890625,-107.578125
1903,42.890625,-65.390625
1904,42.890625,40.078125
1905,42.890625,7.734375
1906,42.890625,104.765625
1907,44.296875,0.703125
1908,44.296875,20.390625
1909,44.296875,10.546875
1910,44.296875,3.515625
1911,44.296875,13.359375
1912,44.296875,-116.015625
1913,44.296875,-2.109375
1914,44.296875,-111.796875
1915,44.296875,-72.421875
1916,44.296875,-83.671875
1917,44.296875,27.421875
1918,44.296875,-85.078125
1919,44.296875,-7.734375
1920,44.296875,-96.328125
1921,44.296875,23.203125
1922,44.296875,-87.890625
1923,44.296875,2.109375
1924,44.296875,-79.453125
1925,44.296875,24.609375
1926,44.296875,26.015625
1927,44.296875,-89.296875
1928,44.296875,-80.859375
1929,44.296875,-71.015625
1930,44.296875,142.734375
1931,44.296875,-86.484375
1932,44.296875,6.328125
1933,44.296875,11.953125
1934,44.296875,21.796875
1935,44.296875,-76.640625
1936,44.296875,-90.703125
1937,44.296875,141.328125
1938,44.296875,4.921875
1939,44.296875,-0.703125
1940,44.296875,-75.234375
1941,44.296875,40.078125
1942,44.296875,-6.328125
1943,44.296875,-73.828125
1944,44.296875,144.140625
1945,44.296875,28.828125
1946,44.296875,-94.921875
1947,44.296875,-93.515625
1948,44.296875,-69.609375
1949,44.296875,-65.390625
1950,44.296875,-97.734375
1951,44.296875,7.734375
1952,44.296875,16.171875
1953,44.296875,-92.109375
1954,44.296875,-114.609375
1955,44.296875,-124.453125
1956,44.296875,-103.359375
1957,44.296875,-100.546875
1958,44.296875,135.703125
1959,44.296875,-117.421875
1960,44.296875,-123.046875
1961,44.296875,145.546875
1962,44.296875,44.296875
1963,44.296875,-118.828125
1964,44.296875,131.484375
1965,44.296875,-82.265625
1966,44.296875,-99.140625
1967,44.296875,-104.765625
1968,44.296875,47.109375
1969,44.296875,42.890625
1970,44.296875,38.671875
1971,44.296875,-78.046875
1972,44.296875,-113.203125
1973,44.296875,-107.578125
1974,44.296875,132.890625
1975,44.296875,-121.640625
1976,44.296875,41.484375
1977,44.296875,14.765625
1978,44.296875,9.140625
1979,44.296875,-120.234375
1980,44.296875,-68.203125
1981,44.296875,-106.171875
1982,44.296875,-66.796875
1983,44.296875,-63.984375
1984,44.296875,-101.953125
1985,44.296875,110.390625
1986,44.296875,-108.984375
1987,44.296875,37.265625
1988,44.296875,18.984375
1989,44.296875,-62.578125
1990,44.296875,106.171875
1991,45.703125,-93.515625
1992,45.703125,-65.390625
1993,45.703125,26.015625
1994,45.703125,-92.109375
1995,45.703125,18.984375
1996,45.703125,9.140625
1997,45.703125,41.484375
1998,45.703125,-76.640625
1999,45.703125,21.796875
2000,45.703125,7.734375
2001,45.703125,2.109375
2002,45.703125,-85.078125
2003,45.703125,-123.046875
2004,45.703125,110.390625
2005,45.703125,38.671875
2006,45.703125,24.609375
2007,45.703125,141.328125
2008,45.703125,23.203125
2009,45.703125,11.953125
2010,45.703125,4.921875
2011,45.703125,-73.828125
2012,45.703125,37.265625
2013,45.703125,-90.703125
2014,45.703125,-69.609375
2015,45.703125,-75.234375
2016,45.703125,0.703125
2017,45.703125,-89.296875
2018,45.703125,10.546875
2019,45.703125,-0.703125
2020,45.703125,28.828125
2021,45.703125,-79.453125
2022,45.703125,-94.921875
2023,45.703125,6.328125
2024,45.703125,3.515625
2025,45.703125,-117.421875
2026,45.703125,20.390625
2027,45.703125,-110.390625
2028,45.703125,17.578125
2029,45.703125,-63.984375
2030,45.703125,27.421875
2031,45.703125,-62.578125
2032,45.703125,-66.796875
2033,45.703125,-83.671875
2034,45.703125,16.171875
2035,45.703125,132.890625
2036,45.703125,14.765625
2037,45.703125,106.171875
2038,45.703125,13.359375
2039,45.703125,42.890625
2040,45.703125,-87.890625
2041,45.703125,40.078125
2042,45.703125,-86.484375
2043,45.703125,-72.421875
2044,45.703125,-121.640625
2045,45.703125,-113.203125
2046,45.703125,-97.734375
2047,45.703125,142.734375
2048,45.703125,-68.203125
2049,45.703125,-96.328125
2050,45.703125,-108.984375
2051,45.703125,-118.828125
2052,45.703125,-80.859375
2053,45.703125,113.203125
2054,45.703125,-78.046875
2055,45.703125,-71.015625
2056,45.703125,-124.453125
2057,45.703125,-99.140625
2058,45.703125,-61.171875
2059,45.703125,-114.609375
2060,45.703125,-120.234375
2061,45.703125,-106.171875
2062,45.703125,-111.796875
2063,45.703125,-82.265625
2064,45.703125,107.578125
2065,45.703125,108.984375
2066,45.703125,116.015625
2067,45.703125,134.296875
2068,45.703125,114.609375
2069,45.703125,-59.765625
2070,45.703125,-107.578125
2071,45.703125,-101.953125
2072,45.703125,47.109375
2073,45.703125,48.515625
2074,45.703125,45.703125
2075,45.703125,-103.359375
2076,45.703125,100.546875
2077,45.703125,-2.109375
2078,45.703125,-100.546875
2079,45.703125,103.359375
2080,45.703125,44.296875
2081,45.703125,30.234375
2082,45.703125,96.328125
2083,45.703125,-104.765625
2084,47.109375,16.171875
2085,47.109375,-106.171875
2086,47.109375,24.609375
2087,47.109375,3.515625
2088,47.109375,-120.234375
2089,47.109375,11.953125
2090,47.109375,21.796875
2091,47.109375,-94.921875
2092,47.109375,-63.984375
2093,47.109375,18.984375
2094,47.109375,-71.015625
2095,47.109375,48.515625
2096,47.109375,20.390625
2097,47.109375,-62.578125
2098,47.109375,-117.421875
2099,47.109375,7.734375
2100,47.109375,-0.703125
2101,47.109375,-103.359375
2102,47.109375,-2.109375
2103,47.109375,-92.109375
2104,47.109375,38.671875
2105,47.109375,10.546875
2106,47.109375,0.703125
2107,47.109375,14.765625
2108,47.109375,-83.671875
2109,47.109375,4.921875
2110,47.109375,-96.328125
2111,47.109375,-90.703125
2112,47.109375,-68.203125
2113,47.109375,13.359375
2114,47.109375,-110.390625
2115,47.109375,-72.421875
2116,47.109375,27.421875
2117,47.109375,-97.734375
2118,47.109375,30.234375
2119,47.109375,40.078125
2120,47.109375,-111.796875
2121,47.109375,-99.140625
2122,47.109375,-123.046875
2123,47.109375,2.109375
2124,47.109375,-80.859375
2125,47.109375,23.203125
2126,47.109375,6.328125
2127,47.109375,26.015625
2128,47.109375,17.578125
2129,47.109375,-118.828125
2130,47.109375,9.140625
2131,47.109375,141.328125
2132,47.109375,-89.296875
2133,47.109375,-87.890625
2134,47.109375,-93.515625
2135,47.109375,-66.796875
2136,47.109375,-121.640625
2137,47.109375,-114.609375
2138,47.109375,-107.578125
2139,47.109375,-65.390625
2140,47.109375,134.296875
2141,47.109375,-75.234375
2142,47.109375,93.515625
2143,47.109375,-101.953125
2144,47.109375,-124.453125
2145,47.109375,-113.203125
2146,47.109375,-100.546875
2147,47.109375,-79.453125
2148,47.109375,142.734375
2149,47.109375,31.640625
2150,47.109375,-69.609375
2151,47.109375,35.859375
2152,47.109375,-104.765625
2153,47.109375,-55.546875
2154,47.109375,-52.734375
2155,47.109375,111.796875
2156,47.109375,41.484375
2157,47.109375,-108.984375
2158,47.109375,-54.140625
2159,47.109375,47.109375
2160,47.109375,42.890625
2161,47.109375,44.296875
2162,47.109375,106.171875
2163,47.109375,103.359375
2164,47.109375,107.578125
2165,47.109375,-116.015625
2166,47.109375,34.453125
2167,47.109375,101.953125
2168,47.109375,-3.515625
2169,47.109375,110.390625
2170,47.109375,117.421875
2171,47.109375,116.015625
2172,47.109375,33.046875
2173,47.109375,96.328125
2174,47.109375,45.703125
2175,47.109375,108.984375
2176,47.109375,-4.921875
2177,48.515625,-3.515625
2178,48.515625,13.359375
2179,48.515625,-117.421875
2180,48.515625,21.796875
2181,48.515625,47.109375
2182,48.515625,7.734375
2183,48.515625,-2.109375
2184,48.515625,-69.609375
2185,48.515625,16.171875
2186,48.515625,-114.609375
2187,48.515625,-4.921875
2188,48.515625,106.171875
2189,48.515625,-121.640625
2190,48.515625,18.984375
2191,48.515625,0.703125
2192,48.515625,35.859375
2193,48.515625,27.421875
2194,48.515625,-120.234375
2195,48.515625,34.453125
2196,48.515625,104.765625
2197,48.515625,-111.796875
2198,48.515625,-0.703125
2199,48.515625,107.578125
2200,48.515625,3.515625
2201,48.515625,2.109375
2202,48.515625,17.578125
2203,48.515625,23.203125
2204,48.515625,-92.109375
2205,48.515625,20.390625
2206,48.515625,4.921875
2207,48.515625,-103.359375
2208,48.515625,-97.734375
2209,48.515625,6.328125
2210,48.515625,24.609375
2211,48.515625,-123.046875
2212,48.515625,-59.765625
2213,48.515625,26.015625
2214,48.515625,28.828125
2215,48.515625,-52.734375
2216,48.515625,-96.328125
2217,48.515625,33.046875
2218,48.515625,37.265625
2219,48.515625,-65.390625
2220,48.515625,-99.140625
2221,48.515625,111.796875
2222,48.515625,14.765625
2223,48.515625,142.734375
2224,48.515625,-124.453125
2225,48.515625,-101.953125
2226,48.515625,103.359375
2227,48.515625,-116.015625
2228,48.515625,-66.796875
2229,48.515625,-100.546875
2230,48.515625,108.984375
2231,48.515625,-54.140625
2232,48.515625,114.609375
2233,48.515625,99.140625
2234,48.515625,45.703125
2235,48.515625,-78.046875
2236,48.515625,-79.453125
2237,48.515625,30.234375
2238,48.515625,-104.765625
2239,48.515625,11.953125
2240,48.515625,31.640625
2241,48.515625,100.546875
2242,48.515625,-89.296875
2243,48.515625,-58.359375
2244,48.515625,94.921875
2245,48.515625,-72.421875
2246,48.515625,90.703125
2247,48.515625,-113.203125
2248,48.515625,-94.921875
2249,48.515625,40.078125
2250,48.515625,-71.015625
2251,48.515625,134.296875
2252,48.515625,41.484375
2253,48.515625,135.703125
2254,48.515625,-68.203125
2255,48.515625,-118.828125
2256,48.515625,-76.640625
2257,48.515625,-63.984375
2258,48.515625,42.890625
2259,48.515625,44.296875
2260,48.515625,-80.859375
2261,48.515625,-108.984375
2262,48.515625,97.734375
2263,48.515625,-110.390625
2264,48.515625,101.953125
2265,48.515625,89.296875
2266,48.515625,-93.515625
2267,48.515625,9.140625
2268,48.515625,132.890625
2269,48.515625,-87.890625
2270,48.515625,139.921875
2271,48.515625,-55.546875
2272,48.515625,-125.859375
2273,48.515625,131.484375
2274,48.515625,137.109375
2275,48.515625,-56.953125
2276,48.515625,-107.578125
2277,49.921875,18.984375
2278,49.921875,-123.046875
2279,49.921875,-0.703125
2280,49.921875,-2.109375
2281,49.921875,2.109375
2282,49.921875,16.171875
2283,49.921875,17.578125
2284,49.921875,-100.546875
2285,49.921875,28.828125
2286,49.921875,0.703125
2287,49.921875,-124.453125
2288,49.921875,6.328125
2289,49.921875,20.390625
2290,49.921875,3.515625
2291,49.921875,21.796875
2292,49.921875,4.921875
2293,49.921875,-54.140625
2294,49.921875,14.765625
2295,49.921875,31.640625
2296,49.921875,13.359375
2297,49.921875,23.203125
2298,49.921875,101.953125
2299,49.921875,-121.640625
2300,49.921875,-55.546875
2301,49.921875,-117.421875
2302,49.921875,30.234375
2303,49.921875,-103.359375
2304,49.921875,90.703125
2305,49.921875,-113.203125
2306,49.921875,106.171875
2307,49.921875,-101.953125
2308,49.921875,-99.140625
2309,49.921875,-108.984375
2310,49.921875,10.546875
2311,49.921875,27.421875
2312,49.921875,24.609375
2313,49.921875,142.734375
2314,49.921875,44.296875
2315,49.921875,130.078125
2316,49.921875,104.765625
2317,49.921875,-111.796875
2318,49.921875,-114.609375
2319,49.921875,-118.828125
2320,49.921875,-120.234375
2321,49.921875,33.046875
2322,49.921875,-116.015625
2323,49.921875,-106.171875
2324,49.921875,26.015625
2325,49.921875,-97.734375
2326,49.921875,-87.890625
2327,49.921875,34.453125
2328,49.921875,-96.328125
2329,49.921875,-104.765625
2330,49.921875,-107.578125
2331,49.921875,100.546875
2332,49.921875,94.921875
2333,49.921875,41.484375
2334,49.921875,-86.484375
2335,49.921875,137.109375
2336,49.921875,-94.921875
2337,49.921875,107.578125
2338,49.921875,-93.515625
2339,49.921875,117.421875
2340,49.921875,89.296875
2341,49.921875,35.859375
2342,49.921875,40.078125
2343,49.921875,-125.859375
2344,49.921875,-56.953125
2345,49.921875,-110.390625
2346,4.921875,-0.703125
2347,4.921875,-86.484375
2348,4.921875,125.859375
2349,6.328125,-73.828125
2350,6.328125,100.546875
2351,6.328125,-0.703125
2352,6.328125,125.859375
2353,6.328125,-75.234375
2354,6.328125,101.953125
2355,6.328125,117.421875
2356,6.328125,103.359375
2357,6.328125,116.015625
2358,6.328125,-76.640625
2359,6.328125,-72.421875
2360,6.328125,0.703125
2361,6.328125,-2.109375
2362,6.328125,80.859375
2363,49.921875,-4.921875
2364,49.921875,93.515625
2365,49.921875,45.703125
2366,49.921875,42.890625
2367,49.921875,11.953125
2368,49.921875,-6.328125
2369,49.921875,9.140625
2370,49.921875,38.671875
2371,49.921875,87.890625
2372,49.921875,-66.796875
2373,49.921875,-127.265625
2374,49.921875,-3.515625
2375,49.921875,127.265625
2376,49.921875,128.671875
2377,49.921875,-89.296875
2378,49.921875,99.140625
2379,49.921875,37.265625
2380,49.921875,116.015625
2381,49.921875,103.359375
2382,49.921875,86.484375
2383,51.328125,13.359375
2384,51.328125,-2.109375
2385,51.328125,26.015625
2386,51.328125,6.328125
2387,51.328125,3.515625
2388,51.328125,4.921875
2389,51.328125,2.109375
2390,51.328125,14.765625
2391,51.328125,17.578125
2392,51.328125,30.234375
2393,51.328125,37.265625
2394,51.328125,20.390625
2395,51.328125,38.671875
2396,51.328125,-0.703125
2397,51.328125,-4.921875
2398,51.328125,23.203125
2399,51.328125,18.984375
2400,51.328125,-3.515625
2401,51.328125,-120.234375
2402,51.328125,-104.765625
2403,51.328125,21.796875
2404,51.328125,7.734375
2405,51.328125,142.734375
2406,51.328125,-121.640625
2407,51.328125,16.171875
2408,51.328125,-97.734375
2409,51.328125,40.078125
2410,51.328125,-103.359375
2411,51.328125,-118.828125
2412,51.328125,-127.265625
2413,51.328125,94.921875
2414,51.328125,-113.203125
2415,51.328125,24.609375
2416,51.328125,-111.796875
2417,51.328125,33.046875
2418,51.328125,128.671875
2419,51.328125,35.859375
2420,51.328125,0.703125
2421,51.328125,106.171875
2422,51.328125,28.828125
2423,51.328125,-110.390625
2424,51.328125,99.140625
2425,51.328125,-101.953125
2426,51.328125,-114.609375
2427,51.328125,34.453125
2428,51.328125,86.484375
2429,51.328125,-107.578125
2430,51.328125,110.390625
2431,51.328125,45.703125
2432,51.328125,42.890625
2433,51.328125,-99.140625
2434,51.328125,31.640625
2435,51.328125,-116.015625
2436,51.328125,107.578125
2437,51.328125,-100.546875
2438,51.328125,55.546875
2439,51.328125,58.359375
2440,51.328125,90.703125
2441,51.328125,11.953125
2442,51.328125,108.984375
2443,51.328125,47.109375
2444,51.328125,92.109375
2445,51.328125,-56.953125
2446,51.328125,114.609375
2447,51.328125,41.484375
2448,51.328125,56.953125
2449,51.328125,-108.984375
2450,51.328125,44.296875
2451,51.328125,80.859375
2452,51.328125,104.765625
2453,51.328125,-9.140625
2454,51.328125,-106.171875
2455,51.328125,93.515625
2456,51.328125,-10.546875
2457,51.328125,103.359375
2458,51.328125,-7.734375
2459,51.328125,54.140625
2460,51.328125,113.203125
2461,51.328125,-123.046875
2462,51.328125,82.265625
2463,51.328125,9.140625
2464,51.328125,48.515625
2465,52.734375,-0.703125
2466,52.734375,-2.109375
2467,52.734375,6.328125
2468,52.734375,4.921875
2469,52.734375,23.203125
2470,52.734375,0.703125
2471,52.734375,-4.921875
2472,52.734375,47.109375
2473,52.734375,113.203125
2474,52.734375,-3.515625
2475,52.734375,108.984375
2476,52.734375,51.328125
2477,52.734375,20.390625
2478,52.734375,106.171875
2479,52.734375,93.515625
2480,52.734375,16.171875
2481,52.734375,37.265625
2482,52.734375,-104.765625
2483,52.734375,18.984375
2484,52.734375,17.578125
2485,52.734375,107.578125
2486,52.734375,21.796875
2487,52.734375,34.453125
2488,52.734375,-107.578125
2489,52.734375,-114.609375
2490,52.734375,-7.734375
2491,52.734375,-106.171875
2492,52.734375,-9.140625
2493,52.734375,142.734375
2494,52.734375,31.640625
2495,52.734375,116.015625
2496,52.734375,-101.953125
2497,52.734375,-121.640625
2498,52.734375,56.953125
2499,52.734375,2.109375
2500,52.734375,-10.546875
2501,52.734375,-113.203125
2502,52.734375,41.484375
2503,52.734375,38.671875
2504,52.734375,-6.328125
2505,52.734375,86.484375
2506,52.734375,-111.796875
2507,52.734375,104.765625
2508,52.734375,-100.546875
2509,52.734375,61.171875
2510,52.734375,48.515625
2511,52.734375,44.296875
2512,52.734375,14.765625
2513,52.734375,35.859375
2514,52.734375,9.140625
2515,52.734375,-110.390625
2516,52.734375,58.359375
2517,52.734375,33.046875
2518,52.734375,13.359375
2519,52.734375,49.921875
2520,52.734375,85.078125
2521,52.734375,55.546875
2522,52.734375,40.078125
2523,52.734375,103.359375
2524,52.734375,117.421875
2525,52.734375,52.734375
2526,52.734375,111.796875
2527,52.734375,59.765625
2528,52.734375,83.671875
2529,52.734375,42.890625
2530,52.734375,-108.984375
2531,52.734375,80.859375
2532,52.734375,82.265625
2533,52.734375,-123.046875
2534,52.734375,92.109375
2535,52.734375,-103.359375
2536,52.734375,7.734375
2537,52.734375,125.859375
2538,52.734375,-117.421875
2539,52.734375,158.203125
2540,52.734375,24.609375
2541,52.734375,45.703125
2542,52.734375,54.140625
2543,52.734375,90.703125
2544,52.734375,156.796875
2545,54.140625,-2.109375
2546,54.140625,-3.515625
2547,54.140625,18.984375
2548,54.140625,14.765625
2549,54.140625,-0.703125
2550,54.140625,-123.046875
2551,54.140625,6.328125
2552,54.140625,17.578125
2553,54.140625,-6.328125
2554,54.140625,-113.203125
2555,54.140625,-9.140625
2556,54.140625,41.484375
2557,54.140625,37.265625
2558,54.140625,-10.546875
2559,54.140625,83.671875
2560,54.140625,-104.765625
2561,54.140625,-111.796875
2562,54.140625,59.765625
2563,54.140625,23.203125
2564,54.140625,-114.609375
2565,54.140625,103.359375
2566,54.140625,51.328125
2567,54.140625,10.546875
2568,54.140625,-7.734375
2569,54.140625,125.859375
2570,54.140625,49.921875
2571,54.140625,20.390625
2572,54.140625,90.703125
2573,54.140625,48.515625
2574,54.140625,16.171875
2575,54.140625,0.703125
2576,54.140625,158.203125
2577,54.140625,61.171875
2578,54.140625,-106.171875
2579,54.140625,92.109375
2580,54.140625,-110.390625
2581,54.140625,55.546875
2582,54.140625,-116.015625
2583,54.140625,-107.578125
2584,54.140625,-101.953125
2585,54.140625,142.734375
2586,54.140625,58.359375
2587,54.140625,21.796875
2588,54.140625,52.734375
2589,54.140625,38.671875
2590,54.140625,47.109375
2591,54.140625,35.859375
2592,54.140625,85.078125
2593,54.140625,73.828125
2594,54.140625,45.703125
2595,54.140625,120.234375
2596,54.140625,87.890625
2597,54.140625,124.453125
2598,54.140625,86.484375
2599,54.140625,33.046875
2600,54.140625,101.953125
2601,54.140625,-118.828125
2602,54.140625,-100.546875
2603,54.140625,42.890625
2604,54.140625,-124.453125
2605,54.140625,121.640625
2606,54.140625,24.609375
2607,54.140625,-108.984375
2608,54.140625,75.234375
2609,54.140625,34.453125
2610,54.140625,-4.921875
2611,54.140625,40.078125
2612,54.140625,62.578125
2613,54.140625,80.859375
2614,54.140625,26.015625
2615,54.140625,-130.078125
2616,54.140625,71.015625
2617,54.140625,110.390625
2618,54.140625,100.546875
2619,54.140625,-128.671875
2620,54.140625,44.296875
2621,54.140625,54.140625
2622,54.140625,89.296875
2623,54.140625,31.640625
2624,54.140625,72.421875
2625,54.140625,99.140625
2626,54.140625,11.953125
2627,54.140625,-117.421875
2628,54.140625,82.265625
2629,54.140625,-127.265625
2630,54.140625,9.140625
2631,54.140625,56.953125
2632,55.546875,-3.515625
2633,55.546875,38.671875
2634,55.546875,52.734375
2635,55.546875,-2.109375
2636,55.546875,20.390625
2637,55.546875,99.140625
2638,55.546875,11.953125
2639,55.546875,9.140625
2640,55.546875,24.609375
2641,55.546875,85.078125
2642,55.546875,55.546875
2643,55.546875,40.078125
2644,55.546875,-0.703125
2645,55.546875,-6.328125
2646,55.546875,83.671875
2647,55.546875,21.796875
2648,55.546875,23.203125
2649,55.546875,31.640625
2650,55.546875,61.171875
2651,55.546875,110.390625
2652,55.546875,58.359375
2653,55.546875,-7.734375
2654,55.546875,-4.921875
2655,55.546875,37.265625
2656,55.546875,33.046875
2657,55.546875,73.828125
2658,55.546875,10.546875
2659,55.546875,59.765625
2660,55.546875,72.421875
2661,55.546875,41.484375
2662,55.546875,51.328125
2663,55.546875,71.015625
2664,55.546875,82.265625
2665,55.546875,48.515625
2666,55.546875,-127.265625
2667,55.546875,26.015625
2668,55.546875,90.703125
2669,55.546875,56.953125
2670,55.546875,80.859375
2671,55.546875,86.484375
2672,55.546875,75.234375
2673,55.546875,14.765625
2674,55.546875,-117.421875
2675,55.546875,68.203125
2676,55.546875,-118.828125
2677,55.546875,89.296875
2678,55.546875,47.109375
2679,55.546875,34.453125
2680,55.546875,62.578125
2681,55.546875,76.640625
2682,55.546875,63.984375
2683,55.546875,-114.609375
2684,55.546875,78.046875
2685,55.546875,49.921875
2686,55.546875,-131.484375
2687,55.546875,-128.671875
2688,55.546875,35.859375
2689,55.546875,-116.015625
2690,55.546875,54.140625
2691,55.546875,13.359375
2692,55.546875,100.546875
2693,55.546875,44.296875
2694,55.546875,65.390625
2695,55.546875,92.109375
2696,55.546875,7.734375
2697,55.546875,45.703125
2698,55.546875,-111.796875
2699,55.546875,-97.734375
2700,55.546875,-120.234375
2701,55.546875,27.421875
2702,55.546875,-113.203125
2703,55.546875,42.890625
2704,55.546875,97.734375
2705,55.546875,93.515625
2706,55.546875,87.890625
2707,55.546875,30.234375
2708,55.546875,159.609375
2709,55.546875,69.609375
2710,55.546875,101.953125
2711,55.546875,96.328125
2712,56.953125,16.171875
2713,56.953125,44.296875
2714,56.953125,69.609375
2715,56.953125,9.140625
2716,56.953125,37.265625
2717,56.953125,14.765625
2718,56.953125,42.890625
2719,56.953125,-3.515625
2720,56.953125,-120.234375
2721,56.953125,90.703125
2722,56.953125,55.546875
2723,56.953125,26.015625
2724,56.953125,33.046875
2725,56.953125,30.234375
2726,56.953125,27.421875
2727,56.953125,7.734375
2728,56.953125,21.796875
2729,56.953125,10.546875
2730,56.953125,101.953125
2731,56.953125,38.671875
2732,56.953125,-2.109375
2733,56.953125,85.078125
2734,56.953125,49.921875
2735,56.953125,24.609375
2736,56.953125,62.578125
2737,56.953125,40.078125
2738,56.953125,161.015625
2739,56.953125,35.859375
2740,56.953125,47.109375
2741,56.953125,41.484375
2742,56.953125,23.203125
2743,56.953125,48.515625
2744,56.953125,13.359375
2745,56.953125,-4.921875
2746,56.953125,52.734375
2747,56.953125,65.390625
2748,56.953125,59.765625
2749,56.953125,61.171875
2750,56.953125,54.140625
2751,56.953125,-108.984375
2752,56.953125,20.390625
2753,56.953125,86.484375
2754,56.953125,103.359375
2755,56.953125,45.703125
2756,56.953125,51.328125
2757,56.953125,28.828125
2758,56.953125,124.453125
2759,56.953125,-6.328125
2760,56.953125,58.359375
2761,56.953125,66.796875
2762,56.953125,11.953125
2763,56.953125,-111.796875
2764,56.953125,-132.890625
2765,56.953125,106.171875
2766,56.953125,93.515625
2767,56.953125,104.765625
2768,56.953125,73.828125
2769,56.953125,56.953125
2770,56.953125,17.578125
2771,56.953125,-117.421875
2772,56.953125,-123.046875
2773,56.953125,34.453125
2774,56.953125,63.984375
2775,56.953125,87.890625
2776,56.953125,-135.703125
2777,56.953125,18.984375
2778,58.359375,11.953125
2779,58.359375,40.078125
2780,58.359375,-2.109375
2781,58.359375,62.578125
2782,58.359375,24.609375
2783,58.359375,14.765625
2784,58.359375,27.421875
2785,58.359375,47.109375
2786,58.359375,101.953125
2787,58.359375,65.390625
2788,58.359375,13.359375
2789,58.359375,26.015625
2790,58.359375,16.171875
2791,58.359375,-3.515625
2792,58.359375,38.671875
2793,58.359375,54.140625
2794,58.359375,-4.921875
2795,58.359375,55.546875
2796,58.359375,56.953125
2797,58.359375,30.234375
2798,58.359375,18.984375
2799,58.359375,52.734375
2800,58.359375,68.203125
2801,58.359375,28.828125
2802,58.359375,93.515625
2803,58.359375,48.515625
2804,58.359375,41.484375
2805,58.359375,49.921875
2806,58.359375,61.171875
2807,58.359375,33.046875
2808,58.359375,34.453125
2809,58.359375,59.765625
2810,58.359375,103.359375
2811,58.359375,31.640625
2812,58.359375,7.734375
2813,58.359375,6.328125
2814,58.359375,58.359375
2815,58.359375,21.796875
2816,58.359375,-6.328125
2817,58.359375,92.109375
2818,58.359375,-134.296875
2819,58.359375,23.203125
2820,58.359375,9.140625
2821,58.359375,42.890625
2822,58.359375,-78.046875
2823,58.359375,35.859375
2824,58.359375,-124.453125
2825,58.359375,17.578125
2826,58.359375,-93.515625
2827,58.359375,-123.046875
2828,58.359375,4.921875
2829,58.359375,51.328125
2830,58.359375,69.609375
2831,58.359375,10.546875
2832,59.765625,10.546875
2833,59.765625,4.921875
2834,59.765625,26.015625
2835,59.765625,9.140625
2836,59.765625,6.328125
2837,59.765625,13.359375
2838,59.765625,24.609375
2839,59.765625,23.203125
2840,59.765625,30.234375
2841,59.765625,-3.515625
2842,59.765625,28.828125
2843,59.765625,27.421875
2844,59.765625,38.671875
2845,59.765625,37.265625
2846,59.765625,11.953125
2847,59.765625,31.640625
2848,59.765625,16.171875
2849,59.765625,56.953125
2850,59.765625,17.578125
2851,59.765625,40.078125
2852,59.765625,14.765625
2853,59.765625,18.984375
2854,59.765625,-135.703125
2855,59.765625,-2.109375
2856,59.765625,69.609375
2857,59.765625,49.921875
2858,59.765625,7.734375
2859,59.765625,-137.109375
2860,59.765625,151.171875
2861,59.765625,61.171875
2862,59.765625,-151.171875
2863,59.765625,33.046875
2864,59.765625,59.765625
2865,59.765625,35.859375
2866,6.328125,124.453125
2867,6.328125,79.453125
2868,6.328125,6.328125
2869,6.328125,7.734375
2870,6.328125,4.921875
2871,6.328125,99.140625
2872,6.328125,2.109375
2873,6.328125,3.515625
2874,6.328125,121.640625
2875,6.328125,82.265625
2876,59.765625,41.484375
2877,59.765625,20.390625
2878,59.765625,65.390625
2879,59.765625,-0.703125
2880,59.765625,-149.765625
2881,59.765625,21.796875
2882,59.765625,78.046875
2883,61.171875,4.921875
2884,61.171875,27.421875
2885,61.171875,24.609375
2886,61.171875,21.796875
2887,61.171875,17.578125
2888,61.171875,-151.171875
2889,61.171875,26.015625
2890,61.171875,14.765625
2891,61.171875,10.546875
2892,61.171875,-149.765625
2893,61.171875,16.171875
2894,61.171875,13.359375
2895,61.171875,49.921875
2896,61.171875,28.828125
2897,61.171875,69.609375
2898,61.171875,6.328125
2899,61.171875,-0.703125
2900,61.171875,7.734375
2901,61.171875,11.953125
2902,61.171875,9.140625
2903,61.171875,61.171875
2904,61.171875,59.765625
2905,61.171875,-135.703125
2906,61.171875,33.046875
2907,61.171875,72.421875
2908,61.171875,65.390625
2909,61.171875,45.703125
2910,61.171875,-148.359375
2911,61.171875,23.203125
2912,61.171875,71.015625
2913,61.171875,41.484375
2914,61.171875,34.453125
2915,61.171875,30.234375
2916,61.171875,79.453125
2917,61.171875,76.640625
2918,61.171875,149.765625
2919,61.171875,-145.546875
2920,61.171875,48.515625
2921,61.171875,-146.953125
2922,61.171875,47.109375
2923,61.171875,63.984375
2924,61.171875,62.578125
2925,61.171875,73.828125
2926,61.171875,42.890625
2927,61.171875,31.640625
2928,61.171875,-6.328125
2929,61.171875,66.796875
2930,61.171875,51.328125
2931,61.171875,78.046875
2932,62.578125,72.421875
2933,62.578125,28.828125
2934,62.578125,27.421875
2935,62.578125,9.140625
2936,62.578125,13.359375
2937,62.578125,7.734375
2938,62.578125,24.609375
2939,62.578125,16.171875
2940,62.578125,17.578125
2941,62.578125,-6.328125
2942,62.578125,21.796875
2943,62.578125,6.328125
2944,62.578125,62.578125
2945,62.578125,10.546875
2946,62.578125,4.921875
2947,62.578125,23.203125
2948,62.578125,26.015625
2949,62.578125,51.328125
2950,62.578125,30.234375
2951,62.578125,130.078125
2952,62.578125,11.953125
2953,62.578125,31.640625
2954,62.578125,42.890625
2955,62.578125,-145.546875
2956,62.578125,49.921875
2957,62.578125,33.046875
2958,62.578125,14.765625
2959,62.578125,-7.734375
2960,62.578125,-149.765625
2961,62.578125,-141.328125
2962,62.578125,-114.609375
2963,62.578125,-144.140625
2964,62.578125,18.984375
2965,62.578125,34.453125
2966,63.984375,18.984375
2967,63.984375,10.546875
2968,63.984375,9.140625
2969,63.984375,21.796875
2970,63.984375,27.421875
2971,63.984375,23.203125
2972,63.984375,30.234375
2973,63.984375,16.171875
2974,63.984375,14.765625
2975,63.984375,13.359375
2976,63.984375,17.578125
2977,63.984375,26.015625
2978,63.984375,-142.734375
2979,63.984375,52.734375
2980,63.984375,11.953125
2981,63.984375,24.609375
2982,63.984375,34.453125
2983,63.984375,54.140625
2984,63.984375,41.484375
2985,63.984375,28.828125
2986,63.984375,7.734375
2987,63.984375,-20.390625
2988,63.984375,-135.703125
2989,63.984375,20.390625
2990,63.984375,-148.359375
2991,63.984375,66.796875
2992,63.984375,-68.203125
2993,63.984375,-161.015625
2994,63.984375,-149.765625
2995,63.984375,-23.203125
2996,63.984375,69.609375
2997,63.984375,-145.546875
2998,63.984375,-21.796875
2999,63.984375,33.046875
3000,63.984375,31.640625
3001,63.984375,-139.921875
3002,63.984375,-51.328125
3003,63.984375,75.234375
3004,63.984375,40.078125
3005,63.984375,144.140625
3006,63.984375,-146.953125
3007,63.984375,-14.765625
3008,65.390625,40.078125
3009,65.390625,20.390625
3010,65.390625,21.796875
3011,65.390625,-146.953125
3012,65.390625,11.953125
3013,65.390625,24.609375
3014,65.390625,16.171875
3015,65.390625,-21.796875
3016,65.390625,26.015625
3017,65.390625,-23.203125
3018,65.390625,28.828125
3019,65.390625,-148.359375
3020,65.390625,13.359375
3021,65.390625,18.984375
3022,65.390625,14.765625
3023,65.390625,17.578125
3024,65.390625,31.640625
3025,65.390625,-14.765625
3026,65.390625,-20.390625
3027,65.390625,33.046875
3028,65.390625,27.421875
3029,65.390625,-18.984375
3030,65.390625,56.953125
3031,65.390625,72.421875
3032,65.390625,44.296875
3033,65.390625,-37.265625
3034,65.390625,-17.578125
3035,65.390625,23.203125
3036,65.390625,30.234375
3037,65.390625,76.640625
3038,66.796875,11.953125
3039,66.796875,13.359375
3040,66.796875,20.390625
3041,66.796875,28.828125
3042,66.796875,17.578125
3043,66.796875,23.203125
3044,66.796875,26.015625
3045,66.796875,33.046875
3046,66.796875,14.765625
3047,66.796875,-16.171875
3048,66.796875,27.421875
3049,66.796875,24.609375
3050,66.796875,21.796875
3051,66.796875,-54.140625
3052,66.796875,31.640625
3053,66.796875,16.171875
3054,66.796875,63.984375
3055,68.203125,27.421875
3056,68.203125,63.984375
3057,68.203125,11.953125
3058,68.203125,30.234375
3059,68.203125,14.765625
3060,68.203125,-63.984375
3061,68.203125,33.046875
3062,68.203125,24.609375
3063,68.203125,21.796875
3064,68.203125,26.015625
3065,68.203125,20.390625
3066,68.203125,18.984375
3067,68.203125,13.359375
3068,68.203125,23.203125
3069,68.203125,-132.890625
3070,68.203125,34.453125
3071,68.203125,16.171875
3072,68.203125,17.578125
3073,68.203125,-134.296875
3074,68.203125,-52.734375
3075,69.609375,33.046875
3076,69.609375,14.765625
3077,69.609375,23.203125
3078,69.609375,27.421875
3079,69.609375,18.984375
3080,69.609375,16.171875
3081,69.609375,-104.765625
3082,69.609375,17.578125
3083,69.609375,20.390625
3084,69.609375,-51.328125
3085,69.609375,30.234375
3086,69.609375,26.015625
3087,69.609375,31.640625
3088,69.609375,28.828125
3089,69.609375,21.796875
3090,7.734375,124.453125
3091,7.734375,6.328125
3092,7.734375,-2.109375
3093,7.734375,125.859375
3094,7.734375,80.859375
3095,7.734375,79.453125
3096,7.734375,100.546875
3097,7.734375,-73.828125
3098,7.734375,-72.421875
3099,7.734375,0.703125
3100,7.734375,82.265625
3101,7.734375,-75.234375
3102,7.734375,99.140625
3103,7.734375,121.640625
3104,7.734375,4.921875
3105,7.734375,3.515625
3106,7.734375,123.046875
3107,7.734375,-76.640625
3108,7.734375,97.734375
3109,69.609375,24.609375
3110,69.609375,-148.359375
3111,71.015625,31.640625
3112,71.015625,30.234375
3113,71.015625,27.421875
3114,71.015625,28.828125
3115,71.015625,24.609375
3116,71.015625,26.015625
3117,71.015625,23.203125
3118,72.421875,-55.546875
3119,78.046875,16.171875
3120,9.140625,100.546875
3121,9.140625,99.140625
3122,9.140625,80.859375
3123,9.140625,124.453125
3124,9.140625,0.703125
3125,9.140625,-75.234375
3126,9.140625,123.046875
3127,9.140625,117.421875
3128,9.140625,97.734375
3129,9.140625,-73.828125
3130,9.140625,6.328125
3131,9.140625,79.453125
3132,9.140625,-76.640625
3133,9.140625,-2.109375
3134,9.140625,-0.703125
3135,9.140625,125.859375
3136,9.140625,7.734375
3137,9.140625,118.828125
3138,9.140625,-85.078125
